classe_abc,faturamento_abc,percentual_abc
A,73761200.0,0.7426658410483339
B,16712700.0,0.16827209158322384
C,8845600.0,0.08906206736844224
