produto,classe_abc,percentual
Android,B,0.10896349659432437
Câmera,B,0.05930859498889946
Notebook,A,0.1144941325721535
SmartWatch,C,0.04200584980794305
Tablet,C,0.0470562175604992
Televisão,A,0.14929092474287525
iPhone,A,0.4788807837333051
