produto,classe_abc,percentual
iPhone,A,0.4788807837333051
Televisão,A,0.14929092474287525
Notebook,A,0.1144941325721535
